year,road,PedalCycles,Motorcycles,CarsTaxis,bus,AllHGVs,AllMotorVehicles
2000,A1,209,209,209,209,209,209
2000,A1(M),1,1,1,1,1,1
2000,A10,58,58,58,58,58,58
2000,A100,6,6,6,6,6,6
2000,A1000,31,31,31,31,31,31
2000,A1001,4,4,4,4,4,4
2000,A1003,4,4,4,4,4,4
2000,A1004,2,2,2,2,2,2
2000,A1005,3,3,3,3,3,3
2000,A1006,2,2,2,2,2,2
2000,A1008,1,1,1,1,1,1
2000,A1009,5,5,5,5,5,5
2000,A101,2,2,2,2,2,2
2000,A1010,7,7,7,7,7,7
2000,A1011,2,2,2,2,2,2
2000,A1012,3,3,3,3,3,3
2000,A1013,5,5,5,5,5,5
2000,A1014,2,2,2,2,2,2
2000,A1015,3,3,3,3,3,3
2000,A1016,4,4,4,4,4,4
2000,A1017,7,7,7,7,7,7
2000,A1018,23,23,23,23,23,23
2000,A1019,1,1,1,1,1,1
2000,A102,6,6,6,6,6,6
2000,A1020,6,6,6,6,6,6
2000,A1021,1,1,1,1,1,1
2000,A1022,5,5,5,5,5,5
2000,A1023,4,4,4,4,4,4
2000,A1024,2,2,2,2,2,2
2000,A1025,2,2,2,2,2,2
2000,A1027,4,4,4,4,4,4
2000,A1028,1,1,1,1,1,1
2000,A1029,4,4,4,4,4,4
2000,A103,8,8,8,8,8,8
2000,A1031,4,4,4,4,4,4
2000,A1032,6,6,6,6,6,6
2000,A1033,10,10,10,10,10,10
2000,A1034,2,2,2,2,2,2
2000,A1035,2,2,2,2,2,2
2000,A1036,18,18,18,18,18,18
2000,A1037,1,1,1,1,1,1
2000,A1038,1,1,1,1,1,1
2000,A1039,2,2,2,2,2,2
2000,A104,25,25,25,25,25,25
2000,A1041,5,5,5,5,5,5
2000,A1042,8,8,8,8,8,8
2000,A1043,2,2,2,2,2,2
2000,A1044,4,4,4,4,4,4
2000,A1045,1,1,1,1,1,1
2000,A1046,3,3,3,3,3,3
2000,A1048,1,1,1,1,1,1
2000,A1049,2,2,2,2,2,2
2000,A105,14,14,14,14,14,14
2000,A1052,3,3,3,3,3,3
2000,A1053,3,3,3,3,3,3
2000,A1054,1,1,1,1,1,1
2000,A1055,7,7,7,7,7,7
2000,A1056,9,9,9,9,9,9
2000,A1057,3,3,3,3,3,3
2000,A1058,7,7,7,7,7,7
2000,A1059,1,1,1,1,1,1
2000,A106,14,14,14,14,14,14
2000,A1060,15,15,15,15,15,15
2000,A1061,3,3,3,3,3,3
2000,A1062,1,1,1,1,1,1
2000,A1064,1,1,1,1,1,1
2000,A1065,9,9,9,9,9,9
2000,A1066,7,7,7,7,7,7
2000,A1067,10,10,10,10,10,10
2000,A1068,11,11,11,11,11,11
2000,A1069,3,3,3,3,3,3
2000,A107,13,13,13,13,13,13
2000,A1070,1,1,1,1,1,1
2000,A1071,4,4,4,4,4,4
2000,A1072,4,4,4,4,4,4
2000,A1073,4,4,4,4,4,4
2000,A1074,4,4,4,4,4,4
2000,A1075,6,6,6,6,6,6
2000,A1076,1,1,1,1,1,1
2000,A1077,10,10,10,10,10,10
2000,A1078,3,3,3,3,3,3
2000,A1079,13,13,13,13,13,13
2000,A1080,2,2,2,2,2,2
2000,A1081,19,19,19,19,19,19
2000,A1082,1,1,1,1,1,1
2000,A1083,2,2,2,2,2,2
2000,A1084,3,3,3,3,3,3
2000,A1085,8,8,8,8,8,8
2000,A1086,8,8,8,8,8,8
2000,A1087,1,1,1,1,1,1
2000,A1088,5,5,5,5,5,5
2000,A1089,7,7,7,7,7,7
2000,A109,7,7,7,7,7,7
2000,A1090,3,3,3,3,3,3
2000,A1092,3,3,3,3,3,3
2000,A1094,3,3,3,3,3,3
2000,A1095,1,1,1,1,1,1
2000,A1096,2,2,2,2,2,2
2000,A1098,2,2,2,2,2,2
2000,A1099,3,3,3,3,3,3
2000,A11,39,39,39,39,39,39
2000,A110,14,14,14,14,14,14
2000,A1101,18,18,18,18,18,18
2000,A1103,1,1,1,1,1,1
2000,A1104,4,4,4,4,4,4
2000,A1105,6,6,6,6,6,6
2000,A1107,3,3,3,3,3,3
2000,A1108,1,1,1,1,1,1
2000,A111,8,8,8,8,8,8
2000,A1110,1,1,1,1,1,1
2000,A1111,1,1,1,1,1,1
2000,A1112,10,10,10,10,10,10
2000,A1114,7,7,7,7,7,7
2000,A1117,5,5,5,5,5,5
2000,A112,21,21,21,21,21,21
2000,A1120,5,5,5,5,5,5
2000,A1121,2,2,2,2,2,2
2000,A1122,3,3,3,3,3,3
2000,A1123,7,7,7,7,7,7
2000,A1124,8,8,8,8,8,8
2000,A1126,1,1,1,1,1,1
2000,A1129,2,2,2,2,2,2
2000,A113,11,11,11,11,11,11
2000,A1130,11,11,11,11,11,11
2000,A1133,5,5,5,5,5,5
2000,A1134,11,11,11,11,11,11
2000,A1136,5,5,5,5,5,5
2000,A1137,2,2,2,2,2,2
2000,A1138,1,1,1,1,1,1
2000,A1139,13,13,13,13,13,13
2000,A114,7,7,7,7,7,7
2000,A1140,1,1,1,1,1,1
2000,A1141,4,4,4,4,4,4
2000,A1144,1,1,1,1,1,1
2000,A1146,1,1,1,1,1,1
2000,A1147,2,2,2,2,2,2
2000,A1148,1,1,1,1,1,1
2000,A1149,1,1,1,1,1,1
2000,A115,3,3,3,3,3,3
2000,A1150,2,2,2,2,2,2
2000,A1151,5,5,5,5,5,5
2000,A1152,1,1,1,1,1,1
2000,A1153,1,1,1,1,1,1
2000,A1155,4,4,4,4,4,4
2000,A1156,19,19,19,19,19,19
2000,A1158,5,5,5,5,5,5
2000,A1159,2,2,2,2,2,2
2000,A116,3,3,3,3,3,3
2000,A1160,1,1,1,1,1,1
2000,A1165,5,5,5,5,5,5
2000,A1166,3,3,3,3,3,3
2000,A1167,6,6,6,6,6,6
2000,A1168,3,3,3,3,3,3
2000,A1169,2,2,2,2,2,2
2000,A117,6,6,6,6,6,6
2000,A1170,9,9,9,9,9,9
2000,A1171,7,7,7,7,7,7
2000,A1172,2,2,2,2,2,2
2000,A1173,8,8,8,8,8,8
2000,A1174,4,4,4,4,4,4
2000,A1176,1,1,1,1,1,1
2000,A1179,1,1,1,1,1,1
2000,A118,15,15,15,15,15,15
2000,A1184,6,6,6,6,6,6
2000,A1185,3,3,3,3,3,3
2000,A1189,3,3,3,3,3,3
2000,A119,5,5,5,5,5,5
2000,A1198,4,4,4,4,4,4
2000,A1199,1,1,1,1,1,1
2000,A12,64,64,64,64,64,64
2000,A120,16,16,16,16,16,16
2000,A1200,5,5,5,5,5,5
2000,A1201,5,5,5,5,5,5
2000,A1202,9,9,9,9,9,9
2000,A1203,5,5,5,5,5,5
2000,A1205,3,3,3,3,3,3
2000,A1206,4,4,4,4,4,4
2000,A1207,1,1,1,1,1,1
2000,A1208,1,1,1,1,1,1
2000,A1209,2,2,2,2,2,2
2000,A121,11,11,11,11,11,11
2000,A1210,2,2,2,2,2,2
2000,A1211,9,9,9,9,9,9
2000,A1214,6,6,6,6,6,6
2000,A123,7,7,7,7,7,7
2000,A1231,17,17,17,17,17,17
2000,A1232,3,3,3,3,3,3
2000,A1235,1,1,1,1,1,1
2000,A1237,5,5,5,5,5,5
2000,A1238,1,1,1,1,1,1
2000,A124,15,15,15,15,15,15
2000,A1240,1,1,1,1,1,1
2000,A1242,6,6,6,6,6,6
2000,A1243,4,4,4,4,4,4
2000,A1245,1,1,1,1,1,1
2000,A1246,1,1,1,1,1,1
2000,A125,5,5,5,5,5,5
2000,A1250,5,5,5,5,5,5
2000,A1251,1,1,1,1,1,1
2000,A126,15,15,15,15,15,15
2000,A1260,5,5,5,5,5,5
2000,A1261,6,6,6,6,6,6
2000,A1263,1,1,1,1,1,1
2000,A127,17,17,17,17,17,17
2000,A128,7,7,7,7,7,7
2000,A129,16,16,16,16,16,16
2000,A1290,5,5,5,5,5,5
2000,A13,40,40,40,40,40,40
2000,A130,9,9,9,9,9,9
2000,A1300,3,3,3,3,3,3
2000,A1301,3,3,3,3,3,3
2000,A1302,5,5,5,5,5,5
2000,A1303,12,12,12,12,12,12
2000,A1304,7,7,7,7,7,7
2000,A1305,4,4,4,4,4,4
2000,A1306,11,11,11,11,11,11
2000,A1307,14,14,14,14,14,14
2000,A1308,2,2,2,2,2,2
2000,A1309,3,3,3,3,3,3
2000,A131,16,16,16,16,16,16
2000,A132,9,9,9,9,9,9
2000,A1321,1,1,1,1,1,1
2000,A133,17,17,17,17,17,17
2000,A134,25,25,25,25,25,25
2000,A135,2,2,2,2,2,2
2000,A136,1,1,1,1,1,1
2000,A137,15,15,15,15,15,15
2000,A138,2,2,2,2,2,2
2000,A1384,1,1,1,1,1,1
2000,A139,2,2,2,2,2,2
2000,A14,57,57,57,57,57,57
2000,A140,16,16,16,16,16,16
2000,A1400,1,1,1,1,1,1
2000,A1402,2,2,2,2,2,2
2000,A141,8,8,8,8,8,8
2000,A142,7,7,7,7,7,7
2000,A1421,1,1,1,1,1,1
2000,A143,24,24,24,24,24,24
2000,A1434,2,2,2,2,2,2
2000,A144,5,5,5,5,5,5
2000,A145,8,8,8,8,8,8
2000,A146,10,10,10,10,10,10
2000,A147,8,8,8,8,8,8
2000,A148,17,17,17,17,17,17
2000,A149,21,21,21,21,21,21
2000,A15,38,38,38,38,38,38
2000,A1500,1,1,1,1,1,1
2000,A151,7,7,7,7,7,7
2000,A152,1,1,1,1,1,1
2000,A153,9,9,9,9,9,9
2000,A154,7,7,7,7,7,7
2000,A155,2,2,2,2,2,2
2000,A156,6,6,6,6,6,6
2000,A157,3,3,3,3,3,3
2000,A158,9,9,9,9,9,9
2000,A159,5,5,5,5,5,5
2000,A16,32,32,32,32,32,32
2000,A160,4,4,4,4,4,4
2000,A161,8,8,8,8,8,8
2000,A162,10,10,10,10,10,10
2000,A163,2,2,2,2,2,2
2000,A164,10,10,10,10,10,10
2000,A165,24,24,24,24,24,24
2000,A166,6,6,6,6,6,6
2000,A167,49,49,49,49,49,49
2000,A168,13,13,13,13,13,13
2000,A169,2,2,2,2,2,2
2000,A17,13,13,13,13,13,13
2000,A170,5,5,5,5,5,5
2000,A171,15,15,15,15,15,15
2000,A172,8,8,8,8,8,8
2000,A173,3,3,3,3,3,3
2000,A174,14,14,14,14,14,14
2000,A176,10,10,10,10,10,10
2000,A177,10,10,10,10,10,10
2000,A178,6,6,6,6,6,6
2000,A179,6,6,6,6,6,6
2000,A18,36,36,36,36,36,36
2000,A180,9,9,9,9,9,9
2000,A181,3,3,3,3,3,3
2000,A182,12,12,12,12,12,12
2000,A183,20,20,20,20,20,20
2000,A184,19,19,19,19,19,19
2000,A185,3,3,3,3,3,3
2000,A186,17,17,17,17,17,17
2000,A187,10,10,10,10,10,10
2000,A188,4,4,4,4,4,4
2000,A189,25,25,25,25,25,25
2000,A19,73,73,73,73,73,73
2000,A190,4,4,4,4,4,4
2000,A191,14,14,14,14,14,14
2000,A192,15,15,15,15,15,15
2000,A193,27,27,27,27,27,27
2000,A194,11,11,11,11,11,11
2000,A195,12,12,12,12,12,12
2000,A196,6,6,6,6,6,6
2000,A197,10,10,10,10,10,10
2000,A198,10,10,10,10,10,10
2000,A199,19,19,19,19,19,19
2000,A2,81,81,81,81,81,81
2000,A20,52,52,52,52,52,52
2000,A200,20,20,20,20,20,20
2000,A2000,1,1,1,1,1,1
2000,A2001,1,1,1,1,1,1
2000,A2003,2,2,2,2,2,2
2000,A2004,4,4,4,4,4,4
2000,A2008,1,1,1,1,1,1
2000,A201,16,16,16,16,16,16
2000,A2010,1,1,1,1,1,1
2000,A2011,2,2,2,2,2,2
2000,A2014,5,5,5,5,5,5
2000,A2015,4,4,4,4,4,4
2000,A2016,5,5,5,5,5,5
2000,A2017,1,1,1,1,1,1
2000,A2018,3,3,3,3,3,3
2000,A202,22,22,22,22,22,22
2000,A2021,3,3,3,3,3,3
2000,A2022,10,10,10,10,10,10
2000,A2023,2,2,2,2,2,2
2000,A2025,1,1,1,1,1,1
2000,A2026,1,1,1,1,1,1
2000,A2029,7,7,7,7,7,7
2000,A203,6,6,6,6,6,6
2000,A2030,5,5,5,5,5,5
2000,A2031,2,2,2,2,2,2
2000,A2032,2,2,2,2,2,2
2000,A2033,12,12,12,12,12,12
2000,A2034,6,6,6,6,6,6
2000,A2036,1,1,1,1,1,1
2000,A2037,1,1,1,1,1,1
2000,A2038,2,2,2,2,2,2
2000,A204,4,4,4,4,4,4
2000,A2040,1,1,1,1,1,1
2000,A2041,3,3,3,3,3,3
2000,A2042,3,3,3,3,3,3
2000,A2043,4,4,4,4,4,4
2000,A2044,2,2,2,2,2,2
2000,A2045,1,1,1,1,1,1
2000,A2047,6,6,6,6,6,6
2000,A205,34,34,34,34,34,34
2000,A2050,4,4,4,4,4,4
2000,A206,16,16,16,16,16,16
2000,A207,15,15,15,15,15,15
2000,A2070,5,5,5,5,5,5
2000,A208,5,5,5,5,5,5
2000,A209,2,2,2,2,2,2
2000,A21,31,31,31,31,31,31
2000,A210,5,5,5,5,5,5
2000,A2100,3,3,3,3,3,3
2000,A2101,3,3,3,3,3,3
2000,A2102,1,1,1,1,1,1
2000,A211,5,5,5,5,5,5
2000,A212,17,17,17,17,17,17
2000,A213,11,11,11,11,11,11
2000,A214,14,14,14,14,14,14
2000,A215,18,18,18,18,18,18
2000,A216,4,4,4,4,4,4
2000,A217,26,26,26,26,26,26
2000,A218,5,5,5,5,5,5
2000,A219,15,15,15,15,15,15
2000,A2198,2,2,2,2,2,2
2000,A2199,2,2,2,2,2,2
2000,A22,24,24,24,24,24,24
2000,A220,4,4,4,4,4,4
2000,A2203,1,1,1,1,1,1
2000,A2204,1,1,1,1,1,1
2000,A2205,3,3,3,3,3,3
2000,A2206,1,1,1,1,1,1
2000,A2208,5,5,5,5,5,5
2000,A2209,2,2,2,2,2,2
2000,A221,8,8,8,8,8,8
2000,A2210,1,1,1,1,1,1
2000,A2211,4,4,4,4,4,4
2000,A2212,3,3,3,3,3,3
2000,A2213,3,3,3,3,3,3
2000,A2214,4,4,4,4,4,4
2000,A2215,1,1,1,1,1,1
2000,A2216,4,4,4,4,4,4
2000,A2217,2,2,2,2,2,2
2000,A2218,1,1,1,1,1,1
2000,A2219,3,3,3,3,3,3
2000,A222,17,17,17,17,17,17
2000,A2220,5,5,5,5,5,5
2000,A223,10,10,10,10,10,10
2000,A224,10,10,10,10,10,10
2000,A225,9,9,9,9,9,9
2000,A226,18,18,18,18,18,18
2000,A2260,4,4,4,4,4,4
2000,A227,9,9,9,9,9,9
2000,A2270,2,2,2,2,2,2
2000,A228,14,14,14,14,14,14
2000,A2280,1,1,1,1,1,1
2000,A229,24,24,24,24,24,24
2000,A2290,1,1,1,1,1,1
2000,A23,75,75,75,75,75,75
2000,A230,1,1,1,1,1,1
2000,A2300,1,1,1,1,1,1
2000,A231,7,7,7,7,7,7
2000,A232,26,26,26,26,26,26
2000,A233,7,7,7,7,7,7
2000,A234,2,2,2,2,2,2
2000,A235,2,2,2,2,2,2
2000,A236,8,8,8,8,8,8
2000,A237,6,6,6,6,6,6
2000,A238,7,7,7,7,7,7
2000,A239,5,5,5,5,5,5
2000,A24,42,42,42,42,42,42
2000,A240,10,10,10,10,10,10
2000,A242,1,1,1,1,1,1
2000,A243,8,8,8,8,8,8
2000,A244,13,13,13,13,13,13
2000,A245,13,13,13,13,13,13
2000,A246,8,8,8,8,8,8
2000,A247,6,6,6,6,6,6
2000,A248,2,2,2,2,2,2
2000,A249,11,11,11,11,11,11
2000,A25,44,44,44,44,44,44
2000,A250,6,6,6,6,6,6
2000,A251,4,4,4,4,4,4
2000,A252,3,3,3,3,3,3
2000,A253,2,2,2,2,2,2
2000,A254,3,3,3,3,3,3
2000,A255,4,4,4,4,4,4
2000,A256,14,14,14,14,14,14
2000,A257,3,3,3,3,3,3
2000,A258,14,14,14,14,14,14
2000,A259,79,79,79,79,79,79
2000,A26,31,31,31,31,31,31
2000,A260,12,12,12,12,12,12
2000,A261,4,4,4,4,4,4
2000,A262,6,6,6,6,6,6
2000,A264,20,20,20,20,20,20
2000,A265,3,3,3,3,3,3
2000,A267,8,8,8,8,8,8
2000,A268,7,7,7,7,7,7
2000,A269,6,6,6,6,6,6
2000,A27,69,69,69,69,69,69
2000,A270,9,9,9,9,9,9
2000,A271,4,4,4,4,4,4
2000,A272,40,40,40,40,40,40
2000,A273,7,7,7,7,7,7
2000,A274,5,5,5,5,5,5
2000,A275,5,5,5,5,5,5
2000,A277,4,4,4,4,4,4
2000,A278,2,2,2,2,2,2
2000,A28,32,32,32,32,32,32
2000,A280,3,3,3,3,3,3
2000,A281,16,16,16,16,16,16
2000,A282,5,5,5,5,5,5
2000,A283,19,19,19,19,19,19
2000,A284,4,4,4,4,4,4
2000,A285,4,4,4,4,4,4
2000,A286,16,16,16,16,16,16
2000,A287,17,17,17,17,17,17
2000,A288,9,9,9,9,9,9
2000,A289,5,5,5,5,5,5
2000,A29,15,15,15,15,15,15
2000,A290,5,5,5,5,5,5
2000,A291,2,2,2,2,2,2
2000,A292,7,7,7,7,7,7
2000,A293,2,2,2,2,2,2
2000,A295,5,5,5,5,5,5
2000,A296,6,6,6,6,6,6
2000,A297,3,3,3,3,3,3
2000,A298,1,1,1,1,1,1
2000,A299,12,12,12,12,12,12
2000,A2990,6,6,6,6,6,6
2000,A3,104,104,104,104,104,104
2000,A30,117,117,117,117,117,117
2000,A300,5,5,5,5,5,5
2000,A3000,1,1,1,1,1,1
2000,A3002,4,4,4,4,4,4
2000,A3003,1,1,1,1,1,1
2000,A3004,5,5,5,5,5,5
2000,A3005,7,7,7,7,7,7
2000,A3006,3,3,3,3,3,3
2000,A3008,1,1,1,1,1,1
2000,A301,5,5,5,5,5,5
2000,A3010,2,2,2,2,2,2
2000,A3011,1,1,1,1,1,1
2000,A3013,2,2,2,2,2,2
2000,A3015,3,3,3,3,3,3
2000,A3016,1,1,1,1,1,1
2000,A302,12,12,12,12,12,12
2000,A3020,8,8,8,8,8,8
2000,A3021,7,7,7,7,7,7
2000,A3022,17,17,17,17,17,17
2000,A3023,4,4,4,4,4,4
2000,A3024,7,7,7,7,7,7
2000,A3025,4,4,4,4,4,4
2000,A3026,1,1,1,1,1,1
2000,A3027,3,3,3,3,3,3
2000,A3028,1,1,1,1,1,1
2000,A3029,10,10,10,10,10,10
2000,A303,36,36,36,36,36,36
2000,A3030,1,1,1,1,1,1
2000,A3031,3,3,3,3,3,3
2000,A3032,3,3,3,3,3,3
2000,A3033,1,1,1,1,1,1
2000,A3035,2,2,2,2,2,2
2000,A3036,9,9,9,9,9,9
2000,A3038,1,1,1,1,1,1
2000,A3039,5,5,5,5,5,5
2000,A304,3,3,3,3,3,3
2000,A3040,1,1,1,1,1,1
2000,A3044,6,6,6,6,6,6
2000,A3046,2,2,2,2,2,2
2000,A3047,10,10,10,10,10,10
2000,A3049,7,7,7,7,7,7
2000,A305,10,10,10,10,10,10
2000,A3050,2,2,2,2,2,2
2000,A3051,2,2,2,2,2,2
2000,A3052,12,12,12,12,12,12
2000,A3054,11,11,11,11,11,11
2000,A3055,10,10,10,10,10,10
2000,A3056,2,2,2,2,2,2
2000,A3057,14,14,14,14,14,14
2000,A3058,7,7,7,7,7,7
2000,A3059,1,1,1,1,1,1
2000,A306,5,5,5,5,5,5
2000,A3060,3,3,3,3,3,3
2000,A3062,2,2,2,2,2,2
2000,A3063,4,4,4,4,4,4
2000,A3064,2,2,2,2,2,2
2000,A3065,1,1,1,1,1,1
2000,A3066,6,6,6,6,6,6
2000,A307,18,18,18,18,18,18
2000,A3071,1,1,1,1,1,1
2000,A3072,12,12,12,12,12,12
2000,A3073,1,1,1,1,1,1
2000,A3074,2,2,2,2,2,2
2000,A3075,2,2,2,2,2,2
2000,A3076,1,1,1,1,1,1
2000,A3078,2,2,2,2,2,2
2000,A3079,1,1,1,1,1,1
2000,A308,47,47,47,47,47,47
2000,A3082,3,3,3,3,3,3
2000,A3083,3,3,3,3,3,3
2000,A3088,4,4,4,4,4,4
2000,A309,8,8,8,8,8,8
2000,A3090,7,7,7,7,7,7
2000,A3093,2,2,2,2,2,2
2000,A3094,2,2,2,2,2,2
2000,A3095,10,10,10,10,10,10
2000,A3098,7,7,7,7,7,7
2000,A31,37,37,37,37,37,37
2000,A310,8,8,8,8,8,8
2000,A3100,14,14,14,14,14,14
2000,A3102,12,12,12,12,12,12
2000,A311,4,4,4,4,4,4
2000,A3110,2,2,2,2,2,2
2000,A3111,2,2,2,2,2,2
2000,A3112,1,1,1,1,1,1
2000,A3113,1,1,1,1,1,1
2000,A312,21,21,21,21,21,21
2000,A3121,1,1,1,1,1,1
2000,A3122,3,3,3,3,3,3
2000,A3123,1,1,1,1,1,1
2000,A3124,2,2,2,2,2,2
2000,A3125,2,2,2,2,2,2
2000,A3126,2,2,2,2,2,2
2000,A313,5,5,5,5,5,5
2000,A314,4,4,4,4,4,4
2000,A315,23,23,23,23,23,23
2000,A316,13,13,13,13,13,13
2000,A317,8,8,8,8,8,8
2000,A318,1,1,1,1,1,1
2000,A319,2,2,2,2,2,2
2000,A32,11,11,11,11,11,11
2000,A320,19,19,19,19,19,19
2000,A3200,5,5,5,5,5,5
2000,A3201,1,1,1,1,1,1
2000,A3202,4,4,4,4,4,4
2000,A3203,5,5,5,5,5,5
2000,A3204,4,4,4,4,4,4
2000,A3205,6,6,6,6,6,6
2000,A3207,1,1,1,1,1,1
2000,A3209,1,1,1,1,1,1
2000,A321,13,13,13,13,13,13
2000,A3210,1,1,1,1,1,1
2000,A3211,10,10,10,10,10,10
2000,A3212,6,6,6,6,6,6
2000,A3213,2,2,2,2,2,2
2000,A3214,5,5,5,5,5,5
2000,A3216,7,7,7,7,7,7
2000,A3217,7,7,7,7,7,7
2000,A3218,5,5,5,5,5,5
2000,A3219,1,1,1,1,1,1
2000,A322,19,19,19,19,19,19
2000,A3220,25,25,25,25,25,25
2000,A323,13,13,13,13,13,13
2000,A324,3,3,3,3,3,3
2000,A325,24,24,24,24,24,24
2000,A3259,2,2,2,2,2,2
2000,A326,9,9,9,9,9,9
2000,A327,16,16,16,16,16,16
2000,A328,3,3,3,3,3,3
2000,A329,49,49,49,49,49,49
2000,A3290,1,1,1,1,1,1
2000,A329M,1,1,1,1,1,1
2000,A33,30,30,30,30,30,30
2000,A330,10,10,10,10,10,10
2000,A331,15,15,15,15,15,15
2000,A332,15,15,15,15,15,15
2000,A334,8,8,8,8,8,8
2000,A335,11,11,11,11,11,11
2000,A336,2,2,2,2,2,2
2000,A337,10,10,10,10,10,10
2000,A338,37,37,37,37,37,37
2000,A339,18,18,18,18,18,18
2000,A34,125,125,125,125,125,125
2000,A340,9,9,9,9,9,9
2000,A3400,17,17,17,17,17,17
2000,A341,6,6,6,6,6,6
2000,A342,16,16,16,16,16,16
2000,A343,11,11,11,11,11,11
2000,A344,1,1,1,1,1,1
2000,A345,11,11,11,11,11,11
2000,A346,7,7,7,7,7,7
2000,A347,8,8,8,8,8,8
2000,A348,7,7,7,7,7,7
2000,A349,7,7,7,7,7,7
2000,A35,55,55,55,55,55,55
2000,A350,35,35,35,35,35,35
2000,A351,2,2,2,2,2,2
2000,A352,8,8,8,8,8,8
2000,A353,7,7,7,7,7,7
2000,A354,18,18,18,18,18,18
2000,A355,14,14,14,14,14,14
2000,A356,5,5,5,5,5,5
2000,A357,6,6,6,6,6,6
2000,A358,19,19,19,19,19,19
2000,A359,9,9,9,9,9,9
2000,A36,49,49,49,49,49,49
2000,A360,10,10,10,10,10,10
2000,A3604,2,2,2,2,2,2
2000,A361,61,61,61,61,61,61
2000,A362,13,13,13,13,13,13
2000,A363,11,11,11,11,11,11
2000,A365,6,6,6,6,6,6
2000,A366,5,5,5,5,5,5
2000,A367,15,15,15,15,15,15
2000,A368,5,5,5,5,5,5
2000,A369,5,5,5,5,5,5
2000,A37,28,28,28,28,28,28
2000,A370,23,23,23,23,23,23
2000,A371,14,14,14,14,14,14
2000,A372,7,7,7,7,7,7
2000,A373,1,1,1,1,1,1
2000,A374,20,20,20,20,20,20
2000,A375,5,5,5,5,5,5
2000,A376,4,4,4,4,4,4
2000,A377,11,11,11,11,11,11
2000,A378,2,2,2,2,2,2
2000,A379,27,27,27,27,27,27
2000,A38,188,188,188,188,188,188
2000,A380,16,16,16,16,16,16
2000,A381,14,14,14,14,14,14
2000,A382,6,6,6,6,6,6
2000,A383,5,5,5,5,5,5
2000,A384,2,2,2,2,2,2
2000,A385,9,9,9,9,9,9
2000,A386,28,28,28,28,28,28
2000,A387,7,7,7,7,7,7
2000,A388,17,17,17,17,17,17
2000,A389,9,9,9,9,9,9
2000,A39,57,57,57,57,57,57
2000,A390,18,18,18,18,18,18
2000,A391,2,2,2,2,2,2
2000,A392,5,5,5,5,5,5
2000,A393,4,4,4,4,4,4
2000,A394,4,4,4,4,4,4
2000,A395,2,2,2,2,2,2
2000,A396,11,11,11,11,11,11
2000,A397,1,1,1,1,1,1
2000,A399,3,3,3,3,3,3
2000,A4,139,139,139,139,139,139
2000,A40,149,149,149,149,149,149
2000,A400,20,20,20,20,20,20
2000,A4000,11,11,11,11,11,11
2000,A4001,1,1,1,1,1,1
2000,A4003,1,1,1,1,1,1
2000,A4005,7,7,7,7,7,7
2000,A4006,2,2,2,2,2,2
2000,A4007,2,2,2,2,2,2
2000,A4008,5,5,5,5,5,5
2000,A401,9,9,9,9,9,9
2000,A4010,5,5,5,5,5,5
2000,A4012,5,5,5,5,5,5
2000,A4013,1,1,1,1,1,1
2000,A4015,1,1,1,1,1,1
2000,A4017,9,9,9,9,9,9
2000,A4018,6,6,6,6,6,6
2000,A4019,5,5,5,5,5,5
2000,A402,7,7,7,7,7,7
2000,A4020,18,18,18,18,18,18
2000,A4023,4,4,4,4,4,4
2000,A4025,5,5,5,5,5,5
2000,A4026,1,1,1,1,1,1
2000,A4029,1,1,1,1,1,1
2000,A403,4,4,4,4,4,4
2000,A4030,2,2,2,2,2,2
2000,A4031,11,11,11,11,11,11
2000,A4032,2,2,2,2,2,2
2000,A4033,1,1,1,1,1,1
2000,A4034,9,9,9,9,9,9
2000,A4036,3,3,3,3,3,3
2000,A4037,4,4,4,4,4,4
2000,A4038,2,2,2,2,2,2
2000,A4039,4,4,4,4,4,4
2000,A404,54,54,54,54,54,54
2000,A4040,20,20,20,20,20,20
2000,A4041,3,3,3,3,3,3
2000,A4042,11,11,11,11,11,11
2000,A4043,2,2,2,2,2,2
2000,A4044,4,4,4,4,4,4
2000,A4046,5,5,5,5,5,5
2000,A4047,4,4,4,4,4,4
2000,A4048,8,8,8,8,8,8
2000,A4049,5,5,5,5,5,5
2000,A405,5,5,5,5,5,5
2000,A4050,5,5,5,5,5,5
2000,A4051,5,5,5,5,5,5
2000,A4053,9,9,9,9,9,9
2000,A4054,22,22,22,22,22,22
2000,A4055,7,7,7,7,7,7
2000,A4058,8,8,8,8,8,8
2000,A4059,9,9,9,9,9,9
2000,A406,37,37,37,37,37,37
2000,A4060,3,3,3,3,3,3
2000,A4061,12,12,12,12,12,12
2000,A4063,9,9,9,9,9,9
2000,A4064,2,2,2,2,2,2
2000,A4065,2,2,2,2,2,2
2000,A4066,2,2,2,2,2,2
2000,A4067,11,11,11,11,11,11
2000,A4068,4,4,4,4,4,4
2000,A4069,5,5,5,5,5,5
2000,A407,5,5,5,5,5,5
2000,A4071,4,4,4,4,4,4
2000,A4072,1,1,1,1,1,1
2000,A4074,8,8,8,8,8,8
2000,A4075,3,3,3,3,3,3
2000,A4076,4,4,4,4,4,4
2000,A4077,3,3,3,3,3,3
2000,A4078,1,1,1,1,1,1
2000,A4079,1,1,1,1,1,1
2000,A408,3,3,3,3,3,3
2000,A4080,6,6,6,6,6,6
2000,A4081,3,3,3,3,3,3
2000,A4082,2,2,2,2,2,2
2000,A4085,3,3,3,3,3,3
2000,A4086,6,6,6,6,6,6
2000,A4087,3,3,3,3,3,3
2000,A4088,6,6,6,6,6,6
2000,A4089,3,3,3,3,3,3
2000,A409,5,5,5,5,5,5
2000,A4090,3,3,3,3,3,3
2000,A4091,4,4,4,4,4,4
2000,A4092,1,1,1,1,1,1
2000,A4093,3,3,3,3,3,3
2000,A4094,7,7,7,7,7,7
2000,A4095,9,9,9,9,9,9
2000,A4097,4,4,4,4,4,4
2000,A4098,3,3,3,3,3,3
2000,A4099,2,2,2,2,2,2
2000,A41,134,134,134,134,134,134
2000,A410,6,6,6,6,6,6
2000,A4100,5,5,5,5,5,5
2000,A4101,4,4,4,4,4,4
2000,A4102,6,6,6,6,6,6
2000,A4103,10,10,10,10,10,10
2000,A4104,3,3,3,3,3,3
2000,A4106,3,3,3,3,3,3
2000,A4107,6,6,6,6,6,6
2000,A4109,3,3,3,3,3,3
2000,A411,17,17,17,17,17,17
2000,A4110,3,3,3,3,3,3
2000,A4111,2,2,2,2,2,2
2000,A4112,6,6,6,6,6,6
2000,A4113,5,5,5,5,5,5
2000,A4114,3,3,3,3,3,3
2000,A4115,1,1,1,1,1,1
2000,A4117,3,3,3,3,3,3
2000,A4118,4,4,4,4,4,4
2000,A4119,16,16,16,16,16,16
2000,A412,15,15,15,15,15,15
2000,A4120,3,3,3,3,3,3
2000,A4123,14,14,14,14,14,14
2000,A4124,7,7,7,7,7,7
2000,A4125,4,4,4,4,4,4
2000,A4126,3,3,3,3,3,3
2000,A4127,7,7,7,7,7,7
2000,A4128,2,2,2,2,2,2
2000,A4129,2,2,2,2,2,2
2000,A413,21,21,21,21,21,21
2000,A4130,19,19,19,19,19,19
2000,A4133,5,5,5,5,5,5
2000,A4135,5,5,5,5,5,5
2000,A4136,5,5,5,5,5,5
2000,A4137,1,1,1,1,1,1
2000,A4138,3,3,3,3,3,3
2000,A4139,11,11,11,11,11,11
2000,A414,30,30,30,30,30,30
2000,A4140,5,5,5,5,5,5
2000,A4141,3,3,3,3,3,3
2000,A4142,4,4,4,4,4,4
2000,A4143,1,1,1,1,1,1
2000,A4144,5,5,5,5,5,5
2000,A4145,3,3,3,3,3,3
2000,A4146,21,21,21,21,21,21
2000,A4147,7,7,7,7,7,7
2000,A4148,8,8,8,8,8,8
2000,A415,10,10,10,10,10,10
2000,A4150,6,6,6,6,6,6
2000,A4151,2,2,2,2,2,2
2000,A4154,1,1,1,1,1,1
2000,A4155,12,12,12,12,12,12
2000,A4156,1,1,1,1,1,1
2000,A4157,3,3,3,3,3,3
2000,A4158,1,1,1,1,1,1
2000,A4159,1,1,1,1,1,1
2000,A416,10,10,10,10,10,10
2000,A4160,6,6,6,6,6,6
2000,A4161,8,8,8,8,8,8
2000,A4162,3,3,3,3,3,3
2000,A4165,3,3,3,3,3,3
2000,A4168,2,2,2,2,2,2
2000,A4169,9,9,9,9,9,9
2000,A417,31,31,31,31,31,31
2000,A4171,1,1,1,1,1,1
2000,A4172,2,2,2,2,2,2
2000,A4173,3,3,3,3,3,3
2000,A4174,12,12,12,12,12,12
2000,A4175,8,8,8,8,8,8
2000,A4176,1,1,1,1,1,1
2000,A4177,3,3,3,3,3,3
2000,A4178,3,3,3,3,3,3
2000,A418,13,13,13,13,13,13
2000,A4180,7,7,7,7,7,7
2000,A4182,2,2,2,2,2,2
2000,A4183,2,2,2,2,2,2
2000,A4184,3,3,3,3,3,3
2000,A4185,2,2,2,2,2,2
2000,A4189,6,6,6,6,6,6
2000,A419,21,21,21,21,21,21
2000,A4196,1,1,1,1,1,1
2000,A42,6,6,6,6,6,6
2000,A420,38,38,38,38,38,38
2000,A4200,6,6,6,6,6,6
2000,A4201,7,7,7,7,7,7
2000,A4202,1,1,1,1,1,1
2000,A4204,1,1,1,1,1,1
2000,A4205,1,1,1,1,1,1
2000,A4206,4,4,4,4,4,4
2000,A4207,1,1,1,1,1,1
2000,A4208,1,1,1,1,1,1
2000,A4209,1,1,1,1,1,1
2000,A421,22,22,22,22,22,22
2000,A4212,2,2,2,2,2,2
2000,A4214,1,1,1,1,1,1
2000,A4215,1,1,1,1,1,1
2000,A4216,2,2,2,2,2,2
2000,A4217,3,3,3,3,3,3
2000,A4218,1,1,1,1,1,1
2000,A4219,1,1,1,1,1,1
2000,A422,29,29,29,29,29,29
2000,A4221,2,2,2,2,2,2
2000,A4222,5,5,5,5,5,5
2000,A4223,1,1,1,1,1,1
2000,A4225,2,2,2,2,2,2
2000,A4226,4,4,4,4,4,4
2000,A4229,2,2,2,2,2,2
2000,A423,10,10,10,10,10,10
2000,A4230,4,4,4,4,4,4
2000,A4231,1,1,1,1,1,1
2000,A4232,11,11,11,11,11,11
2000,A4233,7,7,7,7,7,7
2000,A4234,2,2,2,2,2,2
2000,A424,3,3,3,3,3,3
2000,A4240,3,3,3,3,3,3
2000,A4241,1,1,1,1,1,1
2000,A4242,2,2,2,2,2,2
2000,A4243,1,1,1,1,1,1
2000,A425,16,16,16,16,16,16
2000,A4251,11,11,11,11,11,11
2000,A4252,2,2,2,2,2,2
2000,A4254,2,2,2,2,2,2
2000,A4256,1,1,1,1,1,1
2000,A4259,4,4,4,4,4,4
2000,A426,17,17,17,17,17,17
2000,A4260,10,10,10,10,10,10
2000,A427,9,9,9,9,9,9
2000,A428,42,42,42,42,42,42
2000,A4289,1,1,1,1,1,1
2000,A429,35,35,35,35,35,35
2000,A43,27,27,27,27,27,27
2000,A430,3,3,3,3,3,3
2000,A4300,7,7,7,7,7,7
2000,A4301,1,1,1,1,1,1
2000,A4302,1,1,1,1,1,1
2000,A4303,3,3,3,3,3,3
2000,A4304,11,11,11,11,11,11
2000,A431,7,7,7,7,7,7
2000,A4311,2,2,2,2,2,2
2000,A4312,2,2,2,2,2,2
2000,A432,14,14,14,14,14,14
2000,A4320,4,4,4,4,4,4
2000,A433,4,4,4,4,4,4
2000,A435,20,20,20,20,20,20
2000,A436,8,8,8,8,8,8
2000,A4361,4,4,4,4,4,4
2000,A437,7,7,7,7,7,7
2000,A438,24,24,24,24,24,24
2000,A439,1,1,1,1,1,1
2000,A4390,4,4,4,4,4,4
2000,A44,54,54,54,54,54,54
2000,A4400,8,8,8,8,8,8
2000,A441,19,19,19,19,19,19
2000,A442,26,26,26,26,26,26
2000,A4421,3,3,3,3,3,3
2000,A443,4,4,4,4,4,4
2000,A444,21,21,21,21,21,21
2000,A4440,7,7,7,7,7,7
2000,A4444,2,2,2,2,2,2
2000,A445,6,6,6,6,6,6
2000,A446,12,12,12,12,12,12
2000,A447,4,4,4,4,4,4
2000,A448,11,11,11,11,11,11
2000,A449,66,66,66,66,66,66
2000,A45,49,49,49,49,49,49
2000,A450,3,3,3,3,3,3
2000,A4500,7,7,7,7,7,7
2000,A4501,1,1,1,1,1,1
2000,A451,17,17,17,17,17,17
2000,A452,37,37,37,37,37,37
2000,A453,27,27,27,27,27,27
2000,A4535,2,2,2,2,2,2
2000,A4536,2,2,2,2,2,2
2000,A4538,4,4,4,4,4,4
2000,A454,15,15,15,15,15,15
2000,A4540,17,17,17,17,17,17
2000,A455,2,2,2,2,2,2
2000,A456,30,30,30,30,30,30
2000,A457,19,19,19,19,19,19
2000,A458,40,40,40,40,40,40
2000,A459,18,18,18,18,18,18
2000,A46,97,97,97,97,97,97
2000,A460,15,15,15,15,15,15
2000,A4600,7,7,7,7,7,7
2000,A4601,2,2,2,2,2,2
2000,A461,21,21,21,21,21,21
2000,A462,8,8,8,8,8,8
2000,A463,10,10,10,10,10,10
2000,A464,5,5,5,5,5,5
2000,A465,33,33,33,33,33,33
2000,A466,11,11,11,11,11,11
2000,A467,11,11,11,11,11,11
2000,A468,6,6,6,6,6,6
2000,A469,14,14,14,14,14,14
2000,A47,73,73,73,73,73,73
2000,A470,63,63,63,63,63,63
2000,A472,14,14,14,14,14,14
2000,A473,18,18,18,18,18,18
2000,A474,12,12,12,12,12,12
2000,A475,6,6,6,6,6,6
2000,A476,6,6,6,6,6,6
2000,A477,8,8,8,8,8,8
2000,A478,12,12,12,12,12,12
2000,A479,5,5,5,5,5,5
2000,A48,54,54,54,54,54,54
2000,A480,3,3,3,3,3,3
2000,A481,2,2,2,2,2,2
2000,A482,5,5,5,5,5,5
2000,A483,54,54,54,54,54,54
2000,A484,17,17,17,17,17,17
2000,A485,7,7,7,7,7,7
2000,A486,6,6,6,6,6,6
2000,A487,47,47,47,47,47,47
2000,A488,12,12,12,12,12,12
2000,A489,11,11,11,11,11,11
2000,A49,81,81,81,81,81,81
2000,A490,7,7,7,7,7,7
2000,A491,15,15,15,15,15,15
2000,A493,5,5,5,5,5,5
2000,A494,18,18,18,18,18,18
2000,A495,10,10,10,10,10,10
2000,A496,7,7,7,7,7,7
2000,A497,5,5,5,5,5,5
2000,A498,4,4,4,4,4,4
2000,A499,5,5,5,5,5,5
2000,A5,134,134,134,134,134,134
2000,A50,78,78,78,78,78,78
2000,A500,21,21,21,21,21,21
2000,A5000,1,1,1,1,1,1
2000,A5001,1,1,1,1,1,1
2000,A5004,3,3,3,3,3,3
2000,A5005,4,4,4,4,4,4
2000,A5006,4,4,4,4,4,4
2000,A5007,6,6,6,6,6,6
2000,A5008,3,3,3,3,3,3
2000,A5009,1,1,1,1,1,1
2000,A501,24,24,24,24,24,24
2000,A5010,1,1,1,1,1,1
2000,A5011,4,4,4,4,4,4
2000,A5012,3,3,3,3,3,3
2000,A5013,4,4,4,4,4,4
2000,A5014,4,4,4,4,4,4
2000,A5018,1,1,1,1,1,1
2000,A5019,2,2,2,2,2,2
2000,A502,6,6,6,6,6,6
2000,A5020,2,2,2,2,2,2
2000,A5022,1,1,1,1,1,1
2000,A5025,6,6,6,6,6,6
2000,A5026,6,6,6,6,6,6
2000,A5027,7,7,7,7,7,7
2000,A5028,8,8,8,8,8,8
2000,A5029,3,3,3,3,3,3
2000,A503,25,25,25,25,25,25
2000,A5030,3,3,3,3,3,3
2000,A5032,4,4,4,4,4,4
2000,A5033,2,2,2,2,2,2
2000,A5034,1,1,1,1,1,1
2000,A5035,2,2,2,2,2,2
2000,A5036,17,17,17,17,17,17
2000,A5037,1,1,1,1,1,1
2000,A5038,21,21,21,21,21,21
2000,A5039,7,7,7,7,7,7
2000,A504,20,20,20,20,20,20
2000,A5040,3,3,3,3,3,3
2000,A5041,2,2,2,2,2,2
2000,A5045,1,1,1,1,1,1
2000,A5046,7,7,7,7,7,7
2000,A5047,9,9,9,9,9,9
2000,A5048,3,3,3,3,3,3
2000,A5049,4,4,4,4,4,4
2000,A505,35,35,35,35,35,35
2000,A5050,2,2,2,2,2,2
2000,A5051,1,1,1,1,1,1
2000,A5052,1,1,1,1,1,1
2000,A5053,2,2,2,2,2,2
2000,A5054,4,4,4,4,4,4
2000,A5055,2,2,2,2,2,2
2000,A5056,2,2,2,2,2,2
2000,A5057,5,5,5,5,5,5
2000,A5058,15,15,15,15,15,15
2000,A506,7,7,7,7,7,7
2000,A5060,1,1,1,1,1,1
2000,A5061,2,2,2,2,2,2
2000,A5062,1,1,1,1,1,1
2000,A5063,7,7,7,7,7,7
2000,A5064,2,2,2,2,2,2
2000,A5065,4,4,4,4,4,4
2000,A5066,4,4,4,4,4,4
2000,A5067,3,3,3,3,3,3
2000,A5068,1,1,1,1,1,1
2000,A507,12,12,12,12,12,12
2000,A5071,2,2,2,2,2,2
2000,A5072,3,3,3,3,3,3
2000,A5073,2,2,2,2,2,2
2000,A5074,3,3,3,3,3,3
2000,A5076,3,3,3,3,3,3
2000,A5078,4,4,4,4,4,4
2000,A5079,1,1,1,1,1,1
2000,A508,16,16,16,16,16,16
2000,A5080,13,13,13,13,13,13
2000,A5081,3,3,3,3,3,3
2000,A5082,6,6,6,6,6,6
2000,A5083,1,1,1,1,1,1
2000,A5084,1,1,1,1,1,1
2000,A5085,6,6,6,6,6,6
2000,A5086,2,2,2,2,2,2
2000,A5087,5,5,5,5,5,5
2000,A5088,4,4,4,4,4,4
2000,A5089,4,4,4,4,4,4
2000,A509,15,15,15,15,15,15
2000,A5090,6,6,6,6,6,6
2000,A5091,1,1,1,1,1,1
2000,A5092,2,2,2,2,2,2
2000,A5093,1,1,1,1,1,1
2000,A5094,4,4,4,4,4,4
2000,A5095,6,6,6,6,6,6
2000,A5098,5,5,5,5,5,5
2000,A5099,5,5,5,5,5,5
2000,A51,42,42,42,42,42,42
2000,A510,3,3,3,3,3,3
2000,A5100,2,2,2,2,2,2
2000,A5101,1,1,1,1,1,1
2000,A5102,7,7,7,7,7,7
2000,A5103,10,10,10,10,10,10
2000,A5104,11,11,11,11,11,11
2000,A5105,2,2,2,2,2,2
2000,A5106,3,3,3,3,3,3
2000,A5108,1,1,1,1,1,1
2000,A5109,5,5,5,5,5,5
2000,A511,18,18,18,18,18,18
2000,A5111,9,9,9,9,9,9
2000,A5112,7,7,7,7,7,7
2000,A5114,1,1,1,1,1,1
2000,A5115,1,1,1,1,1,1
2000,A5116,2,2,2,2,2,2
2000,A5117,7,7,7,7,7,7
2000,A5118,1,1,1,1,1,1
2000,A5119,7,7,7,7,7,7
2000,A512,9,9,9,9,9,9
2000,A5120,6,6,6,6,6,6
2000,A5121,5,5,5,5,5,5
2000,A5123,10,10,10,10,10,10
2000,A5124,1,1,1,1,1,1
2000,A5127,17,17,17,17,17,17
2000,A5128,8,8,8,8,8,8
2000,A513,8,8,8,8,8,8
2000,A5130,3,3,3,3,3,3
2000,A5132,8,8,8,8,8,8
2000,A5134,7,7,7,7,7,7
2000,A5135,3,3,3,3,3,3
2000,A5137,2,2,2,2,2,2
2000,A5139,4,4,4,4,4,4
2000,A514,13,13,13,13,13,13
2000,A5140,2,2,2,2,2,2
2000,A5141,4,4,4,4,4,4
2000,A5143,1,1,1,1,1,1
2000,A5144,1,1,1,1,1,1
2000,A5145,8,8,8,8,8,8
2000,A5147,5,5,5,5,5,5
2000,A5148,1,1,1,1,1,1
2000,A5149,3,3,3,3,3,3
2000,A515,17,17,17,17,17,17
2000,A5150,1,1,1,1,1,1
2000,A5151,5,5,5,5,5,5
2000,A5152,9,9,9,9,9,9
2000,A5156,2,2,2,2,2,2
2000,A516,6,6,6,6,6,6
2000,A517,2,2,2,2,2,2
2000,A518,19,19,19,19,19,19
2000,A5181,2,2,2,2,2,2
2000,A5182,1,1,1,1,1,1
2000,A5183,9,9,9,9,9,9
2000,A5184,1,1,1,1,1,1
2000,A5185,2,2,2,2,2,2
2000,A5186,2,2,2,2,2,2
2000,A5189,1,1,1,1,1,1
2000,A519,8,8,8,8,8,8
2000,A5190,7,7,7,7,7,7
2000,A5191,2,2,2,2,2,2
2000,A5192,3,3,3,3,3,3
2000,A5193,6,6,6,6,6,6
2000,A5194,1,1,1,1,1,1
2000,A5199,14,14,14,14,14,14
2000,A52,74,74,74,74,74,74
2000,A520,16,16,16,16,16,16
2000,A5200,11,11,11,11,11,11
2000,A5201,7,7,7,7,7,7
2000,A5202,6,6,6,6,6,6
2000,A5203,5,5,5,5,5,5
2000,A5204,6,6,6,6,6,6
2000,A5205,3,3,3,3,3,3
2000,A5206,2,2,2,2,2,2
2000,A5207,3,3,3,3,3,3
2000,A5208,2,2,2,2,2,2
2000,A5209,3,3,3,3,3,3
2000,A521,11,11,11,11,11,11
2000,A522,11,11,11,11,11,11
2000,A5223,3,3,3,3,3,3
2000,A5227,1,1,1,1,1,1
2000,A5228,2,2,2,2,2,2
2000,A523,21,21,21,21,21,21
2000,A5230,5,5,5,5,5,5
2000,A525,33,33,33,33,33,33
2000,A5250,6,6,6,6,6,6
2000,A526,1,1,1,1,1,1
2000,A5267,2,2,2,2,2,2
2000,A5268,5,5,5,5,5,5
2000,A527,12,12,12,12,12,12
2000,A5270,1,1,1,1,1,1
2000,A5271,3,3,3,3,3,3
2000,A528,7,7,7,7,7,7
2000,A5284,2,2,2,2,2,2
2000,A529,8,8,8,8,8,8
2000,A53,34,34,34,34,34,34
2000,A530,12,12,12,12,12,12
2000,A5300,2,2,2,2,2,2
2000,A531,2,2,2,2,2,2
2000,A532,3,3,3,3,3,3
2000,A533,25,25,25,25,25,25
2000,A534,22,22,22,22,22,22
2000,A535,3,3,3,3,3,3
2000,A536,3,3,3,3,3,3
2000,A537,12,12,12,12,12,12
2000,A538,10,10,10,10,10,10
2000,A539,8,8,8,8,8,8
2000,A54,19,19,19,19,19,19
2000,A540,10,10,10,10,10,10
2000,A541,15,15,15,15,15,15
2000,A542,2,2,2,2,2,2
2000,A543,8,8,8,8,8,8
2000,A544,2,2,2,2,2,2
2000,A545,3,3,3,3,3,3
2000,A546,4,4,4,4,4,4
2000,A5460,5,5,5,5,5,5
2000,A547,22,22,22,22,22,22
2000,A548,25,25,25,25,25,25
2000,A5480,2,2,2,2,2,2
2000,A549,2,2,2,2,2,2
2000,A55,34,34,34,34,34,34
2000,A550,12,12,12,12,12,12
2000,A551,15,15,15,15,15,15
2000,A552,8,8,8,8,8,8
2000,A553,9,9,9,9,9,9
2000,A554,9,9,9,9,9,9
2000,A555,5,5,5,5,5,5
2000,A556,13,13,13,13,13,13
2000,A557,12,12,12,12,12,12
2000,A558,2,2,2,2,2,2
2000,A559,9,9,9,9,9,9
2000,A56,74,74,74,74,74,74
2000,A560,27,27,27,27,27,27
2000,A561,9,9,9,9,9,9
2000,A562,22,22,22,22,22,22
2000,A563,15,15,15,15,15,15
2000,A5630,2,2,2,2,2,2
2000,A565,21,21,21,21,21,21
2000,A566,5,5,5,5,5,5
2000,A567,9,9,9,9,9,9
2000,A568,2,2,2,2,2,2
2000,A569,2,2,2,2,2,2
2000,A57,101,101,101,101,101,101
2000,A570,33,33,33,33,33,33
2000,A571,7,7,7,7,7,7
2000,A572,23,23,23,23,23,23
2000,A573,9,9,9,9,9,9
2000,A574,8,8,8,8,8,8
2000,A575,11,11,11,11,11,11
2000,A576,16,16,16,16,16,16
2000,A577,30,30,30,30,30,30
2000,A578,2,2,2,2,2,2
2000,A579,13,13,13,13,13,13
2000,A58,93,93,93,93,93,93
2000,A580,40,40,40,40,40,40
2000,A581,2,2,2,2,2,2
2000,A582,4,4,4,4,4,4
2000,A583,16,16,16,16,16,16
2000,A584,7,7,7,7,7,7
2000,A585,9,9,9,9,9,9
2000,A586,17,17,17,17,17,17
2000,A587,6,6,6,6,6,6
2000,A588,8,8,8,8,8,8
2000,A589,6,6,6,6,6,6
2000,A59,66,66,66,66,66,66
2000,A590,17,17,17,17,17,17
2000,A591,12,12,12,12,12,12
2000,A592,9,9,9,9,9,9
2000,A593,5,5,5,5,5,5
2000,A594,15,15,15,15,15,15
2000,A595,21,21,21,21,21,21
2000,A596,7,7,7,7,7,7
2000,A597,2,2,2,2,2,2
2000,A598,7,7,7,7,7,7
2000,A599,1,1,1,1,1,1
2000,A6,191,191,191,191,191,191
2000,A60,53,53,53,53,53,53
2000,A600,11,11,11,11,11,11
2000,A6001,9,9,9,9,9,9
2000,A6002,11,11,11,11,11,11
2000,A6003,14,14,14,14,14,14
2000,A6004,4,4,4,4,4,4
2000,A6005,14,14,14,14,14,14
2000,A6006,9,9,9,9,9,9
2000,A6007,8,8,8,8,8,8
2000,A6008,21,21,21,21,21,21
2000,A6009,6,6,6,6,6,6
2000,A601,13,13,13,13,13,13
2000,A6010,15,15,15,15,15,15
2000,A6011,6,6,6,6,6,6
2000,A6013,3,3,3,3,3,3
2000,A6014,1,1,1,1,1,1
2000,A6015,1,1,1,1,1,1
2000,A6016,1,1,1,1,1,1
2000,A6017,6,6,6,6,6,6
2000,A6018,2,2,2,2,2,2
2000,A602,17,17,17,17,17,17
2000,A6020,1,1,1,1,1,1
2000,A6021,5,5,5,5,5,5
2000,A6022,2,2,2,2,2,2
2000,A6023,4,4,4,4,4,4
2000,A6024,4,4,4,4,4,4
2000,A6025,1,1,1,1,1,1
2000,A6026,1,1,1,1,1,1
2000,A6027,3,3,3,3,3,3
2000,A6029,1,1,1,1,1,1
2000,A603,9,9,9,9,9,9
2000,A6030,4,4,4,4,4,4
2000,A6032,2,2,2,2,2,2
2000,A6033,7,7,7,7,7,7
2000,A6034,1,1,1,1,1,1
2000,A6035,3,3,3,3,3,3
2000,A6036,4,4,4,4,4,4
2000,A6037,6,6,6,6,6,6
2000,A6038,9,9,9,9,9,9
2000,A6040,2,2,2,2,2,2
2000,A6041,4,4,4,4,4,4
2000,A6042,7,7,7,7,7,7
2000,A6043,2,2,2,2,2,2
2000,A6044,4,4,4,4,4,4
2000,A6045,1,1,1,1,1,1
2000,A6046,5,5,5,5,5,5
2000,A6048,3,3,3,3,3,3
2000,A605,17,17,17,17,17,17
2000,A6050,2,2,2,2,2,2
2000,A6051,1,1,1,1,1,1
2000,A6052,3,3,3,3,3,3
2000,A6053,7,7,7,7,7,7
2000,A6055,3,3,3,3,3,3
2000,A6058,1,1,1,1,1,1
2000,A606,17,17,17,17,17,17
2000,A6060,1,1,1,1,1,1
2000,A6061,1,1,1,1,1,1
2000,A6062,1,1,1,1,1,1
2000,A6063,1,1,1,1,1,1
2000,A6066,1,1,1,1,1,1
2000,A6068,10,10,10,10,10,10
2000,A6069,4,4,4,4,4,4
2000,A607,25,25,25,25,25,25
2000,A6070,2,2,2,2,2,2
2000,A6071,3,3,3,3,3,3
2000,A6072,4,4,4,4,4,4
2000,A6075,13,13,13,13,13,13
2000,A6076,4,4,4,4,4,4
2000,A6077,1,1,1,1,1,1
2000,A6078,2,2,2,2,2,2
2000,A6079,2,2,2,2,2,2
2000,A608,12,12,12,12,12,12
2000,A6085,2,2,2,2,2,2
2000,A6086,3,3,3,3,3,3
2000,A6088,2,2,2,2,2,2
2000,A6089,3,3,3,3,3,3
2000,A609,13,13,13,13,13,13
2000,A6091,4,4,4,4,4,4
2000,A6093,5,5,5,5,5,5
2000,A6094,14,14,14,14,14,14
2000,A6095,5,5,5,5,5,5
2000,A6096,9,9,9,9,9,9
2000,A6097,2,2,2,2,2,2
2000,A6098,2,2,2,2,2,2
2000,A6099,1,1,1,1,1,1
2000,A61,112,112,112,112,112,112
2000,A610,17,17,17,17,17,17
2000,A6101,3,3,3,3,3,3
2000,A6102,11,11,11,11,11,11
2000,A6104,6,6,6,6,6,6
2000,A6105,9,9,9,9,9,9
2000,A6106,5,5,5,5,5,5
2000,A6107,3,3,3,3,3,3
2000,A6108,4,4,4,4,4,4
2000,A6109,5,5,5,5,5,5
2000,A611,9,9,9,9,9,9
2000,A6110,8,8,8,8,8,8
2000,A6112,4,4,4,4,4,4
2000,A6114,1,1,1,1,1,1
2000,A6115,3,3,3,3,3,3
2000,A6116,4,4,4,4,4,4
2000,A6117,2,2,2,2,2,2
2000,A6118,4,4,4,4,4,4
2000,A6119,6,6,6,6,6,6
2000,A612,8,8,8,8,8,8
2000,A6120,11,11,11,11,11,11
2000,A6121,8,8,8,8,8,8
2000,A6123,3,3,3,3,3,3
2000,A6124,4,4,4,4,4,4
2000,A6129,2,2,2,2,2,2
2000,A6130,4,4,4,4,4,4
2000,A6131,4,4,4,4,4,4
2000,A6133,2,2,2,2,2,2
2000,A6135,16,16,16,16,16,16
2000,A6136,3,3,3,3,3,3
2000,A6137,3,3,3,3,3,3
2000,A6139,1,1,1,1,1,1
2000,A614,32,32,32,32,32,32
2000,A6140,1,1,1,1,1,1
2000,A6141,2,2,2,2,2,2
2000,A6142,1,1,1,1,1,1
2000,A6143,1,1,1,1,1,1
2000,A6144,8,8,8,8,8,8
2000,A6145,1,1,1,1,1,1
2000,A615,7,7,7,7,7,7
2000,A616,22,22,22,22,22,22
2000,A617,10,10,10,10,10,10
2000,A6172,1,1,1,1,1,1
2000,A6175,3,3,3,3,3,3
2000,A6176,1,1,1,1,1,1
2000,A6177,19,19,19,19,19,19
2000,A6178,6,6,6,6,6,6
2000,A618,10,10,10,10,10,10
2000,A6181,8,8,8,8,8,8
2000,A6182,2,2,2,2,2,2
2000,A6185,2,2,2,2,2,2
2000,A6186,1,1,1,1,1,1
2000,A6187,6,6,6,6,6,6
2000,A619,13,13,13,13,13,13
2000,A6191,4,4,4,4,4,4
2000,A6195,6,6,6,6,6,6
2000,A62,45,45,45,45,45,45
2000,A620,6,6,6,6,6,6
2000,A6200,2,2,2,2,2,2
2000,A621,9,9,9,9,9,9
2000,A6211,5,5,5,5,5,5
2000,A623,4,4,4,4,4,4
2000,A624,6,6,6,6,6,6
2000,A625,6,6,6,6,6,6
2000,A626,7,7,7,7,7,7
2000,A627,24,24,24,24,24,24
2000,A628,20,20,20,20,20,20
2000,A629,42,42,42,42,42,42
2000,A63,21,21,21,21,21,21
2000,A630,26,26,26,26,26,26
2000,A631,27,27,27,27,27,27
2000,A632,15,15,15,15,15,15
2000,A633,12,12,12,12,12,12
2000,A634,7,7,7,7,7,7
2000,A635,39,39,39,39,39,39
2000,A636,8,8,8,8,8,8
2000,A637,6,6,6,6,6,6
2000,A638,37,37,37,37,37,37
2000,A639,13,13,13,13,13,13
2000,A64,31,31,31,31,31,31
2000,A640,11,11,11,11,11,11
2000,A641,11,11,11,11,11,11
2000,A642,15,15,15,15,15,15
2000,A643,15,15,15,15,15,15
2000,A644,11,11,11,11,11,11
2000,A645,13,13,13,13,13,13
2000,A646,13,13,13,13,13,13
2000,A6464,1,1,1,1,1,1
2000,A647,16,16,16,16,16,16
2000,A649,5,5,5,5,5,5
2000,A64M,1,1,1,1,1,1
2000,A65,30,30,30,30,30,30
2000,A650,25,25,25,25,25,25
2000,A651,4,4,4,4,4,4
2000,A6514,5,5,5,5,5,5
2000,A652,4,4,4,4,4,4
2000,A6520,1,1,1,1,1,1
2000,A653,14,14,14,14,14,14
2000,A654,3,3,3,3,3,3
2000,A655,4,4,4,4,4,4
2000,A656,6,6,6,6,6,6
2000,A657,5,5,5,5,5,5
2000,A658,13,13,13,13,13,13
2000,A659,14,14,14,14,14,14
2000,A66,38,38,38,38,38,38
2000,A660,8,8,8,8,8,8
2000,A661,6,6,6,6,6,6
2000,A662,3,3,3,3,3,3
2000,A663,10,10,10,10,10,10
2000,A664,18,18,18,18,18,18
2000,A665,21,21,21,21,21,21
2000,A666,31,31,31,31,31,31
2000,A667,2,2,2,2,2,2
2000,A669,11,11,11,11,11,11
2000,A67,11,11,11,11,11,11
2000,A670,8,8,8,8,8,8
2000,A671,31,31,31,31,31,31
2000,A672,5,5,5,5,5,5
2000,A673,8,8,8,8,8,8
2000,A674,10,10,10,10,10,10
2000,A675,7,7,7,7,7,7
2000,A676,15,15,15,15,15,15
2000,A677,5,5,5,5,5,5
2000,A678,11,11,11,11,11,11
2000,A679,16,16,16,16,16,16
2000,A68,46,46,46,46,46,46
2000,A680,14,14,14,14,14,14
2000,A681,6,6,6,6,6,6
2000,A682,16,16,16,16,16,16
2000,A683,10,10,10,10,10,10
2000,A684,13,13,13,13,13,13
2000,A685,5,5,5,5,5,5
2000,A686,6,6,6,6,6,6
2000,A687,2,2,2,2,2,2
2000,A688,13,13,13,13,13,13
2000,A689,24,24,24,24,24,24
2000,A69,16,16,16,16,16,16
2000,A690,17,17,17,17,17,17
2000,A6900,7,7,7,7,7,7
2000,A691,5,5,5,5,5,5
2000,A692,9,9,9,9,9,9
2000,A693,8,8,8,8,8,8
2000,A694,5,5,5,5,5,5
2000,A695,12,12,12,12,12,12
2000,A696,7,7,7,7,7,7
2000,A697,10,10,10,10,10,10
2000,A698,14,14,14,14,14,14
2000,A699,2,2,2,2,2,2
2000,A7,46,46,46,46,46,46
2000,A70,23,23,23,23,23,23
2000,A700,1,1,1,1,1,1
2000,A701,20,20,20,20,20,20
2000,A702,22,22,22,22,22,22
2000,A703,3,3,3,3,3,3
2000,A704,1,1,1,1,1,1
2000,A705,6,6,6,6,6,6
2000,A706,15,15,15,15,15,15
2000,A7066,1,1,1,1,1,1
2000,A707,3,3,3,3,3,3
2000,A708,5,5,5,5,5,5
2000,A709,4,4,4,4,4,4
2000,A71,31,31,31,31,31,31
2000,A710,4,4,4,4,4,4
2000,A711,7,7,7,7,7,7
2000,A712,5,5,5,5,5,5
2000,A713,14,14,14,14,14,14
2000,A714,9,9,9,9,9,9
2000,A716,5,5,5,5,5,5
2000,A717,1,1,1,1,1,1
2000,A718,5,5,5,5,5,5
2000,A719,10,10,10,10,10,10
2000,A72,17,17,17,17,17,17
2000,A720,9,9,9,9,9,9
2000,A721,20,20,20,20,20,20
2000,A722,1,1,1,1,1,1
2000,A723,10,10,10,10,10,10
2000,A724,8,8,8,8,8,8
2000,A725,8,8,8,8,8,8
2000,A726,23,23,23,23,23,23
2000,A727,1,1,1,1,1,1
2000,A728,3,3,3,3,3,3
2000,A73,20,20,20,20,20,20
2000,A730,3,3,3,3,3,3
2000,A735,16,16,16,16,16,16
2000,A736,16,16,16,16,16,16
2000,A737,18,18,18,18,18,18
2000,A738,7,7,7,7,7,7
2000,A739,6,6,6,6,6,6
2000,A74,8,8,8,8,8,8
2000,A741,5,5,5,5,5,5
2000,A743,1,1,1,1,1,1
2000,A745,2,2,2,2,2,2
2000,A746,4,4,4,4,4,4
2000,A747,3,3,3,3,3,3
2000,A749,10,10,10,10,10,10
2000,A74M,2,2,2,2,2,2
2000,A75,27,27,27,27,27,27
2000,A751,1,1,1,1,1,1
2000,A752,6,6,6,6,6,6
2000,A755,2,2,2,2,2,2
2000,A756,1,1,1,1,1,1
2000,A759,8,8,8,8,8,8
2000,A76,16,16,16,16,16,16
2000,A760,4,4,4,4,4,4
2000,A761,11,11,11,11,11,11
2000,A762,4,4,4,4,4,4
2000,A763,3,3,3,3,3,3
2000,A766,2,2,2,2,2,2
2000,A768,6,6,6,6,6,6
2000,A77,41,41,41,41,41,41
2000,A770,4,4,4,4,4,4
2000,A771,1,1,1,1,1,1
2000,A772,4,4,4,4,4,4
2000,A775,3,3,3,3,3,3
2000,A779,2,2,2,2,2,2
2000,A78,20,20,20,20,20,20
2000,A780,10,10,10,10,10,10
2000,A781,1,1,1,1,1,1
2000,A79,5,5,5,5,5,5
2000,A8,44,44,44,44,44,44
2000,A80,12,12,12,12,12,12
2000,A800,2,2,2,2,2,2
2000,A8000,1,1,1,1,1,1
2000,A8003,1,1,1,1,1,1
2000,A8006,1,1,1,1,1,1
2000,A801,7,7,7,7,7,7
2000,A8010,1,1,1,1,1,1
2000,A8011,3,3,3,3,3,3
2000,A8014,2,2,2,2,2,2
2000,A8015,1,1,1,1,1,1
2000,A803,37,37,37,37,37,37
2000,A804,5,5,5,5,5,5
2000,A807,3,3,3,3,3,3
2000,A808,1,1,1,1,1,1
2000,A809,6,6,6,6,6,6
2000,A81,15,15,15,15,15,15
2000,A810,3,3,3,3,3,3
2000,A811,11,11,11,11,11,11
2000,A812,2,2,2,2,2,2
2000,A813,1,1,1,1,1,1
2000,A814,26,26,26,26,26,26
2000,A815,6,6,6,6,6,6
2000,A816,4,4,4,4,4,4
2000,A817,1,1,1,1,1,1
2000,A819,2,2,2,2,2,2
2000,A82,40,40,40,40,40,40
2000,A820,2,2,2,2,2,2
2000,A821,4,4,4,4,4,4
2000,A822,5,5,5,5,5,5
2000,A823,15,15,15,15,15,15
2000,A824,4,4,4,4,4,4
2000,A826,1,1,1,1,1,1
2000,A827,6,6,6,6,6,6
2000,A828,3,3,3,3,3,3
2000,A83,10,10,10,10,10,10
2000,A830,5,5,5,5,5,5
2000,A831,3,3,3,3,3,3
2000,A832,11,11,11,11,11,11
2000,A833,3,3,3,3,3,3
2000,A834,1,1,1,1,1,1
2000,A835,8,8,8,8,8,8
2000,A836,14,14,14,14,14,14
2000,A837,5,5,5,5,5,5
2000,A838,4,4,4,4,4,4
2000,A839,2,2,2,2,2,2
2000,A84,7,7,7,7,7,7
2000,A841,5,5,5,5,5,5
2000,A844,6,6,6,6,6,6
2000,A846,5,5,5,5,5,5
2000,A847,3,3,3,3,3,3
2000,A848,2,2,2,2,2,2
2000,A849,4,4,4,4,4,4
2000,A85,23,23,23,23,23,23
2000,A850,4,4,4,4,4,4
2000,A851,3,3,3,3,3,3
2000,A855,2,2,2,2,2,2
2000,A857,6,6,6,6,6,6
2000,A858,5,5,5,5,5,5
2000,A859,5,5,5,5,5,5
2000,A86,3,3,3,3,3,3
2000,A861,6,6,6,6,6,6
2000,A862,12,12,12,12,12,12
2000,A863,5,5,5,5,5,5
2000,A865,8,8,8,8,8,8
2000,A866,1,1,1,1,1,1
2000,A867,2,2,2,2,2,2
2000,A87,13,13,13,13,13,13
2000,A872,6,6,6,6,6,6
2000,A873,2,2,2,2,2,2
2000,A875,2,2,2,2,2,2
2000,A876,3,3,3,3,3,3
2000,A877,1,1,1,1,1,1
2000,A879,4,4,4,4,4,4
2000,A88,2,2,2,2,2,2
2000,A880,1,1,1,1,1,1
2000,A882,2,2,2,2,2,2
2000,A883,1,1,1,1,1,1
2000,A884,4,4,4,4,4,4
2000,A885,3,3,3,3,3,3
2000,A886,5,5,5,5,5,5
2000,A887,1,1,1,1,1,1
2000,A888,1,1,1,1,1,1
2000,A889,1,1,1,1,1,1
2000,A89,21,21,21,21,21,21
2000,A890,2,2,2,2,2,2
2000,A891,4,4,4,4,4,4
2000,A893,1,1,1,1,1,1
2000,A894,4,4,4,4,4,4
2000,A896,3,3,3,3,3,3
2000,A897,2,2,2,2,2,2
2000,A898,2,2,2,2,2,2
2000,A899,6,6,6,6,6,6
2000,A9,61,61,61,61,61,61
2000,A90,60,60,60,60,60,60
2000,A900,2,2,2,2,2,2
2000,A901,3,3,3,3,3,3
2000,A9011,1,1,1,1,1,1
2000,A9012,1,1,1,1,1,1
2000,A9013,6,6,6,6,6,6
2000,A902,3,3,3,3,3,3
2000,A903,1,1,1,1,1,1
2000,A904,14,14,14,14,14,14
2000,A905,11,11,11,11,11,11
2000,A907,15,15,15,15,15,15
2000,A908,3,3,3,3,3,3
2000,A909,7,7,7,7,7,7
2000,A91,24,24,24,24,24,24
2000,A910,6,6,6,6,6,6
2000,A911,8,8,8,8,8,8
2000,A912,9,9,9,9,9,9
2000,A913,5,5,5,5,5,5
2000,A914,4,4,4,4,4,4
2000,A915,11,11,11,11,11,11
2000,A916,3,3,3,3,3,3
2000,A917,11,11,11,11,11,11
2000,A918,1,1,1,1,1,1
2000,A919,1,1,1,1,1,1
2000,A92,38,38,38,38,38,38
2000,A920,7,7,7,7,7,7
2000,A921,10,10,10,10,10,10
2000,A922,1,1,1,1,1,1
2000,A923,11,11,11,11,11,11
2000,A924,5,5,5,5,5,5
2000,A926,10,10,10,10,10,10
2000,A928,2,2,2,2,2,2
2000,A929,5,5,5,5,5,5
2000,A93,28,28,28,28,28,28
2000,A930,6,6,6,6,6,6
2000,A932,5,5,5,5,5,5
2000,A933,7,7,7,7,7,7
2000,A934,1,1,1,1,1,1
2000,A935,4,4,4,4,4,4
2000,A937,5,5,5,5,5,5
2000,A938,5,5,5,5,5,5
2000,A939,12,12,12,12,12,12
2000,A94,9,9,9,9,9,9
2000,A940,3,3,3,3,3,3
2000,A941,9,9,9,9,9,9
2000,A942,2,2,2,2,2,2
2000,A944,11,11,11,11,11,11
2000,A945,1,1,1,1,1,1
2000,A947,10,10,10,10,10,10
2000,A948,5,5,5,5,5,5
2000,A949,3,3,3,3,3,3
2000,A95,15,15,15,15,15,15
2000,A950,6,6,6,6,6,6
2000,A952,2,2,2,2,2,2
2000,A955,5,5,5,5,5,5
2000,A956,7,7,7,7,7,7
2000,A957,3,3,3,3,3,3
2000,A96,38,38,38,38,38,38
2000,A960,4,4,4,4,4,4
2000,A961,4,4,4,4,4,4
2000,A963,4,4,4,4,4,4
2000,A964,2,2,2,2,2,2
2000,A965,7,7,7,7,7,7
2000,A966,3,3,3,3,3,3
2000,A967,6,6,6,6,6,6
2000,A968,5,5,5,5,5,5
2000,A969,2,2,2,2,2,2
2000,A97,15,15,15,15,15,15
2000,A970,22,22,22,22,22,22
2000,A971,6,6,6,6,6,6
2000,A972,1,1,1,1,1,1
2000,A975,3,3,3,3,3,3
2000,A977,5,5,5,5,5,5
2000,A978,5,5,5,5,5,5
2000,A98,17,17,17,17,17,17
2000,A980,4,4,4,4,4,4
2000,A981,6,6,6,6,6,6
2000,A982,3,3,3,3,3,3
2000,A984,3,3,3,3,3,3
2000,A985,6,6,6,6,6,6
2000,A986,2,2,2,2,2,2
2000,A989,5,5,5,5,5,5
2000,A99,7,7,7,7,7,7
2000,A990,2,2,2,2,2,2
2000,A991,4,4,4,4,4,4
2000,A993,3,3,3,3,3,3
2000,A994,1,1,1,1,1,1
2000,M1,76,76,76,76,76,76
2000,M10,1,1,1,1,1,1
2000,M11,17,17,17,17,17,17
2000,M18,13,13,13,13,13,13
2000,M180,6,6,6,6,6,6
2000,M181,1,1,1,1,1,1
2000,M2,15,15,15,15,15,15
2000,M20,18,18,18,18,18,18
2000,M23,7,7,7,7,7,7
2000,M25,48,48,48,48,48,48
2000,M26,2,2,2,2,2,2
2000,M27,24,24,24,24,24,24
2000,M271,4,4,4,4,4,4
2000,M275,5,5,5,5,5,5
2000,M3,22,22,22,22,22,22
2000,M32,6,6,6,6,6,6
2000,M4,80,80,80,80,80,80
2000,M40,33,33,33,33,33,33
2000,M41,3,3,3,3,3,3
2000,M42,21,21,21,21,21,21
2000,M45,3,3,3,3,3,3
2000,M48,5,5,5,5,5,5
2000,M49,3,3,3,3,3,3
2000,M5,52,52,52,52,52,52
2000,M50,8,8,8,8,8,8
2000,M53,17,17,17,17,17,17
2000,M54,9,9,9,9,9,9
2000,M55,5,5,5,5,5,5
2000,M56,30,30,30,30,30,30
2000,M57,11,11,11,11,11,11
2000,M58,10,10,10,10,10,10
2000,M6,86,86,86,86,86,86
2000,M60,30,30,30,30,30,30
2000,M602,2,2,2,2,2,2
2000,M606,2,2,2,2,2,2
2000,M61,14,14,14,14,14,14
2000,M62,45,45,45,45,45,45
2000,M621,15,15,15,15,15,15
2000,M65,19,19,19,19,19,19
2000,M66,8,8,8,8,8,8
2000,M67,4,4,4,4,4,4
2000,M69,5,5,5,5,5,5
2000,M73,7,7,7,7,7,7
2000,M74,27,27,27,27,27,27
2000,M77,6,6,6,6,6,6
2000,M8,39,39,39,39,39,39
2000,M80,10,10,10,10,10,10
2000,M876,5,5,5,5,5,5
2000,M898,1,1,1,1,1,1
2000,M9,17,17,17,17,17,17
2000,M90,16,16,16,16,16,16